CustomerID,Recency,Frequency,Monetary,customer_tenure,avg_purchase_interval,actual_churn,predicted_churn,churn_probability,risk_segment
13747,273,1,79.6,0,0.0,1,1,0.7183356189893956,very_high
15012,273,1,191.06,0,0.0,0,1,0.7182631699407024,very_high
16583,273,1,233.45,0,0.0,1,1,0.7182356134496616,very_high
16274,273,1,357.95,0,0.0,1,1,0.7181546701960171,very_high
15922,273,1,369.5,0,0.0,1,1,0.7181471602865616,very_high
12855,272,1,38.1,0,0.0,1,1,0.7176677624970588,very_high
15070,272,1,106.2,0,0.0,1,1,0.7176234351165097,very_high
16510,272,1,248.1,0,0.0,1,1,0.7175310565742371,very_high
17732,272,1,303.97,0,0.0,1,1,0.7174946795303567,very_high
17235,272,1,341.90000000000003,0,0.0,0,1,0.7174699816298298,very_high
12725,271,1,427.8,0,0.0,1,1,0.7167177975510034,very_high
16754,272,1,2002.4,0,0.0,1,1,0.7163874748472117,very_high
16411,269,1,131.5,0,0.0,0,1,0.7155159824100324,very_high
15919,268,1,270.72,0,0.0,0,1,0.7147257425607358,very_high
16858,268,1,375.69000000000005,0,0.0,1,1,0.7146569852286289,very_high
13807,267,1,112.6,0,0.0,1,1,0.7141292186419855,very_high
16125,267,1,289.35,0,0.0,1,1,0.7140132930945106,very_high
14821,266,1,48.8,0,0.0,1,1,0.713470011495584,very_high
18269,266,1,168.60000000000002,0,0.0,1,1,0.7133913325252943,very_high
15221,266,1,403.25,0,0.0,1,1,0.7132371880664866,very_high
14355,265,1,174.4,0,0.0,1,1,0.7126853294915438,very_high
15723,264,1,203.1,0,0.0,1,1,0.7119632041741816,very_high
16727,264,1,272.82,0,0.0,1,1,0.7119172733875396,very_high
18004,262,1,169.47,0,0.0,1,1,0.7105758587067845,very_high
14608,262,1,204.0,0,0.0,0,1,0.7105530462376842,very_high
17251,262,1,283.28000000000003,0,0.0,1,1,0.7105006653581958,very_high
15361,261,1,418.92,0,0.0,1,1,0.7097045155542867,very_high
18050,259,1,74.4,0,0.0,1,1,0.70851703946583,very_high
16134,259,1,283.53000000000003,0,0.0,0,1,0.7083782805166298,very_high
14373,258,1,76.55,0,0.0,1,1,0.7078063723706588,very_high
15789,258,1,351.3,0,0.0,1,1,0.7076238051050006,very_high
17343,255,1,193.64,0,0.0,1,1,0.7055944562101464,very_high
12944,254,1,286.95,0,0.0,0,1,0.704818710873317,very_high
15562,251,1,134.55,0,0.0,1,1,0.7027745405784376,very_high
13922,251,1,172.25,0,0.0,1,1,0.7027492432644495,very_high
16282,239,1,168.3,0,0.0,1,1,0.6940782739556093,high
15266,238,1,119.3,0,0.0,1,1,0.6933825739690719,high
14653,238,1,344.81,0,0.0,0,1,0.6932285399114587,high
16351,232,1,153.9,0,0.0,1,1,0.68896377695171,high
17569,232,1,344.14,0,0.0,1,1,0.6888328045756675,high
16315,230,1,226.37,0,0.0,1,1,0.6874410470142942,high
15626,229,1,281.88,0,0.0,0,1,0.6866648377248975,high
14784,223,1,114.68,0,0.0,0,1,0.6823341288375625,high
17862,223,1,330.9,0,0.0,1,1,0.6821835586914301,high
17025,273,2,160.97,0,0.0,0,1,0.6799910583332837,high
15497,219,1,970.6,0,0.0,0,1,0.6787520774933391,high
17786,217,1,114.85,0,0.0,0,1,0.6778542410025492,high
14439,219,1,2661.24,0,0.0,1,1,0.677566735278621,high
12574,215,1,218.45,0,0.0,1,1,0.6762807838834056,high
14805,213,1,109.25,0,0.0,0,1,0.6748533438822218,high
14595,213,1,163.8,0,0.0,0,1,0.6748148920422288,high
17376,211,1,105.85,0,0.0,0,1,0.6733479001083327,high
12373,211,1,364.6,0,0.0,1,1,0.6731650529364883,high
15226,210,1,154.41,0,0.0,1,1,0.6725582794819324,high
12350,210,1,334.40000000000003,0,0.0,1,1,0.6724309362102278,high
18250,210,1,349.27,0,0.0,1,1,0.6724204145207587,high
14411,210,1,1063.0,0,0.0,1,1,0.6719151909931266,high
14540,209,1,195.9,0,0.0,0,1,0.6717726882480435,high
14497,209,1,475.37,0,0.0,1,1,0.671574709045118,high
12433,266,2,3787.12,7,7.0,0,1,0.6698309826319566,high
15224,258,2,322.08,4,4.0,1,1,0.6672241812136824,high
17537,203,1,630.7,0,0.0,0,1,0.6669064216784768,high
16425,202,1,302.7,0,0.0,1,1,0.6663779294908749,high
13706,202,1,330.79,0,0.0,1,1,0.6663578684248802,high
12967,258,2,1660.9,13,13.0,1,1,0.663220110787134,high
16509,196,1,363.7000000000001,0,0.0,1,1,0.6617408186785885,high
14379,195,1,110.98,0,0.0,0,1,0.6611541205446059,high
13151,195,1,1257.87,0,0.0,1,1,0.660328264239629,high
13932,194,1,307.4,0,0.0,1,1,0.6602433527636602,high
13744,192,1,893.16,0,0.0,0,1,0.658278870853296,high
16349,190,1,53.5,0,0.0,1,1,0.6573410585161423,high
15321,191,1,1159.47,0,0.0,0,1,0.6573138103118339,high
15303,190,1,574.02,0,0.0,1,1,0.6569643332133854,high
15397,189,1,94.0,0,0.0,1,1,0.656538319921646,high
18068,189,1,101.7,0,0.0,1,1,0.6565327422730964,high
17117,188,1,116.2,0,0.0,1,1,0.6557479562132065,high
13751,188,1,296.25,0,0.0,1,1,0.6556173793956255,high
17034,187,1,141.79999999999998,0,0.0,0,1,0.6549542613590547,high
14470,187,1,297.64,0,0.0,0,1,0.6548411201981613,high
13345,187,1,389.5,0,0.0,1,1,0.6547744208415115,high
13684,185,1,67.23,0,0.0,1,1,0.6534557760796244,high
14157,185,1,277.17,0,0.0,0,1,0.6533030422085614,high
16339,184,1,109.95,0,0.0,1,1,0.6526471284997274,high
14046,184,1,154.99,0,0.0,1,1,0.6526143282109489,high
12509,184,1,176.5,0,0.0,1,1,0.6525986630859139,high
16078,183,1,79.2,0,0.0,1,1,0.6518911587926035,high
15257,183,1,317.15,0,0.0,1,1,0.6517176799055404,high
12866,183,1,559.12,0,0.0,1,1,0.651541228946815,high
14473,182,1,85.0,0,0.0,0,1,0.6511077519729076,high
14934,182,1,828.84,0,0.0,0,1,0.650564750865878,high
17995,181,1,76.1,0,0.0,1,1,0.6503342659937286,high
14483,181,1,137.1,0,0.0,1,1,0.6502897052213933,high
12817,181,1,166.04000000000002,0,0.0,1,1,0.6502685635041647,high
13557,180,1,240.68,0,0.0,0,1,0.6494331240039238,high
14915,177,1,142.28,0,0.0,0,1,0.6471577823877219,high
17639,176,1,108.5,0,0.0,1,1,0.6463985633485761,high
14297,174,1,232.6,0,0.0,0,1,0.6447369024084605,high
12386,237,2,401.9,29,29.0,1,1,0.642294366067391,high
14962,170,1,126.7,0,0.0,1,1,0.6416647087232382,high
13716,169,1,138.28,0,0.0,1,1,0.6408666929029128,high
15047,169,1,343.62,0,0.0,1,1,0.6407148628815571,high
14193,169,1,422.54,0,0.0,0,1,0.6406565013087684,high
15649,236,2,816.0,31,31.0,1,1,0.6404999090595406,high
16297,168,1,301.9,0,0.0,1,1,0.6399553703456454,high
16383,168,1,309.46,0,0.0,0,1,0.6399497747069284,high
14840,167,1,62.85,0,0.0,1,1,0.6393413540670635,high
18189,167,1,633.1,0,0.0,0,1,0.6389188551947517,high
15485,236,2,1278.63,37,37.0,0,1,0.6380542852323804,high
16096,164,1,320.62,0,0.0,1,1,0.6367725301866515,high
17763,163,1,15.0,0,0.0,1,1,0.6362056674042897,high
14762,163,1,300.52,0,0.0,1,1,0.635993360266913,high
14632,162,1,114.56,0,0.0,1,1,0.6353369258980175,high
13196,162,1,512.13,0,0.0,0,1,0.6350409850776731,high
17102,161,1,25.5,0,0.0,1,1,0.6346078120839501,high
18191,161,1,207.8,0,0.0,1,1,0.6344720101567053,high
16620,160,1,95.76,0,0.0,1,1,0.6337592982055296,high
13512,160,1,251.21,0,0.0,1,1,0.6336433854987314,high
18010,156,1,174.8,0,0.0,1,1,0.6305081645983341,high
14851,156,1,206.13,0,0.0,0,1,0.6304847178819912,high
12792,156,1,400.54,0,0.0,1,1,0.6303392117433163,high
14441,155,1,356.84000000000003,0,0.0,0,1,0.6295719500667591,high
12410,208,2,693.33,0,0.0,1,1,0.6292394363849846,high
16386,153,1,61.10000000000001,0,0.0,0,1,0.6281917956122179,high
17212,153,1,226.85,0,0.0,1,1,0.6280674258600477,high
12735,215,2,779.5699999999999,21,21.0,1,1,0.6273308836815139,high
13781,150,1,127.84,0,0.0,1,1,0.6257337869237609,high
18095,212,2,580.05,20,20.0,1,1,0.6254271810335389,high
15244,148,1,297.94,0,0.0,0,1,0.6239968298584979,high
16105,148,1,336.96,0,0.0,1,1,0.62396742031564,high
15442,148,1,594.0,0,0.0,1,1,0.6237736653230257,high
17334,202,2,307.02000000000004,6,6.0,1,1,0.6225736278039302,high
17928,146,1,78.25999999999999,0,0.0,0,1,0.6225509437709988,high
17883,146,1,119.35,0,0.0,0,1,0.6225199269863295,high
16405,202,2,167.25,7,7.0,1,1,0.6223219601786103,high
14912,146,1,482.79,0,0.0,0,1,0.6222455406641962,high
13548,143,1,281.01,0,0.0,0,1,0.6199752639871255,high
12596,142,1,269.95,0,0.0,0,1,0.6191747632780633,high
12982,142,1,390.54,0,0.0,1,1,0.6190834170378644,high
18080,142,1,841.4999999999999,0,0.0,0,1,0.6187417427546552,high
17972,141,1,136.04,0,0.0,1,1,0.6184667389419791,high
13544,140,1,122.91,0,0.0,0,1,0.6176665905479951,high
14482,139,1,238.1,0,0.0,0,1,0.6167683771013557,high
17367,138,1,168.4,0,0.0,1,1,0.6160098642328187,high
14105,139,1,1266.23,0,0.0,1,1,0.6159874347761609,high
14723,258,3,471.0,13,6.5,0,1,0.6158283468633372,high
12769,138,1,1143.6,0,0.0,1,1,0.6152685893215454,high
17582,136,1,175.27,0,0.0,1,1,0.6143798336946337,high
18213,136,1,232.48,0,0.0,1,1,0.6143362927211373,high
16617,135,1,151.85,0,0.0,1,1,0.6135843068271443,high
17223,210,2,426.79,58,58.0,1,1,0.6102877372985588,high
14715,198,2,247.45,32,32.0,0,1,0.6100288946450682,high
16823,127,1,358.38,0,0.0,1,1,0.6068967398053163,high
18220,126,1,305.28,0,0.0,1,1,0.606118435138927,high
14271,125,1,112.32,0,0.0,1,1,0.6054469203114876,high
14240,125,1,226.85,0,0.0,0,1,0.6053590306106754,high
15143,125,1,259.45,0,0.0,1,1,0.6053340123014717,high
14022,125,1,440.0,0,0.0,1,1,0.6051954423196265,high
17624,118,1,400.3,0,0.0,0,1,0.5994720310538685,medium
13723,117,1,199.85,0,0.0,1,1,0.5988024656226867,medium
15757,117,1,261.36,0,0.0,0,1,0.5987549959312264,medium
13493,175,2,618.63,11,11.0,1,1,0.5985021922985925,medium
13561,115,1,141.86,0,0.0,1,1,0.5971972800101778,medium
13642,115,1,354.8,0,0.0,1,1,0.5970327228843105,medium
18120,114,1,111.15,0,0.0,1,1,0.5963952294722212,medium
15865,113,1,313.93,0,0.0,0,1,0.5954119925047884,medium
13055,113,1,344.86,0,0.0,0,1,0.595388057418937,medium
16229,112,1,358.2,0,0.0,0,1,0.5945507396631485,medium
16006,111,1,101.4,0,0.0,1,1,0.5939221784156063,medium
17764,111,1,261.97,0,0.0,0,1,0.5937977714718511,medium
15489,111,1,348.26,0,0.0,0,1,0.5937309104526368,medium
14421,111,1,455.18,0,0.0,0,1,0.5936480596467482,medium
14277,112,1,1637.43,0,0.0,0,1,0.5935597648808629,medium
12976,111,1,738.6,0,0.0,1,1,0.5934284156925486,medium
15826,110,1,720.0,0,0.0,0,1,0.5926145882080184,medium
12871,107,1,132.0,0,0.0,0,1,0.5905835082755021,medium
14888,107,1,369.2,0,0.0,1,1,0.5903992565100968,medium
13258,105,1,224.62,0,0.0,0,1,0.5888508831737993,medium
14859,104,1,296.86,0,0.0,0,1,0.5879635614900068,medium
13572,105,1,1384.25,0,0.0,1,1,0.5879487144473259,medium
17455,103,1,131.7,0,0.0,1,1,0.5872605250585278,medium
13243,103,1,600.07,0,0.0,1,1,0.5868957936233222,medium
14647,101,1,243.22,0,0.0,1,1,0.5855089723167357,medium
15424,154,2,383.34,0,0.0,1,1,0.5853160859581833,medium
13546,100,1,188.16,0,0.0,0,1,0.5847188268258652,medium
14522,98,1,278.63,0,0.0,0,1,0.5829805869257968,medium
16624,97,1,426.43,0,0.0,0,1,0.5820305410222374,medium
16323,96,1,207.50000000000003,0,0.0,1,1,0.5813666287022207,medium
17830,161,2,287.65000000000003,27,27.0,1,1,0.5812552329733798,medium
16369,96,1,354.45,0,0.0,0,1,0.5812517364938424,medium
12876,96,1,726.43,0,0.0,0,1,0.5809608662078888,medium
12426,94,1,582.73,0,0.0,1,1,0.5794015425348396,medium
16483,92,1,139.35,0,0.0,1,1,0.5780754500639105,medium
12787,92,1,158.1,0,0.0,0,1,0.5780607593464739,medium
13917,91,1,65.38,0,0.0,0,1,0.5772961881381646,medium
14597,91,1,165.1,0,0.0,0,1,0.5772180166745747,medium
16117,89,1,232.21,0,0.0,1,1,0.5754895079689907,medium
16239,89,1,347.9,0,0.0,0,1,0.5753987145838917,medium
15405,89,1,349.1,0,0.0,1,1,0.5753977727985347,medium
16692,156,2,1276.0,32,32.0,1,1,0.574441339234807,medium
13682,87,1,59.5,0,0.0,1,1,0.5739475442887266,medium
17507,161,2,605.58,47,47.0,1,1,0.5735889894701471,medium
16611,86,1,129.49,0,0.0,1,1,0.5730531476993829,medium
14375,85,1,257.68,0,0.0,1,1,0.5721125065613859,medium
15238,84,1,300.14,0,0.0,0,1,0.5712387958553953,medium
17360,84,1,330.95,0,0.0,0,1,0.5712145549795923,medium
12694,83,1,439.5,0,0.0,0,1,0.5702883616323913,medium
13510,83,1,585.32,0,0.0,0,1,0.5701735665247357,medium
16581,82,1,105.84,0,0.0,1,1,0.5697099386426265,medium
13589,79,1,147.0,0,0.0,0,1,0.5671518903717873,medium
13936,79,1,376.58,0,0.0,1,1,0.5669708352483339,medium
13761,79,1,491.71,0,0.0,0,1,0.566880032813758,medium
17109,132,2,464.59,0,0.0,0,1,0.5668168069150931,medium
17101,78,1,230.58,0,0.0,0,1,0.5662432866764537,medium
17155,77,1,143.3,0,0.0,0,1,0.5654691045090313,medium
14285,76,1,5.9,0,0.0,0,1,0.5647341790643411,medium
15219,76,1,305.75,0,0.0,1,1,0.5644973962880767,medium
16279,76,1,359.08000000000004,0,0.0,0,1,0.5644552800618582,medium
15585,76,1,455.3,0,0.0,1,1,0.5643792900234462,medium
13819,201,3,1140.35,18,9.0,1,1,0.5636484839391044,medium
17816,169,2,21.31,96,96.0,0,1,0.5625127254922629,medium
13618,73,1,177.34,0,0.0,1,1,0.5620662725372564,medium
15909,73,1,191.94,0,0.0,1,1,0.5620547281627049,medium
13362,145,2,1581.53,41,41.0,0,1,0.5615820634331047,medium
14960,71,1,88.3,0,0.0,1,1,0.5604465754033053,medium
12930,71,1,221.56,0,0.0,0,1,0.5603411179456111,medium
17709,69,1,137.45,0,0.0,1,1,0.5587161450694014,medium
16287,69,1,142.5,0,0.0,1,1,0.5587121454246324,medium
15130,69,1,330.11,0,0.0,1,1,0.5585635512465881,medium
13300,69,1,371.89,0,0.0,1,1,0.5585304584857993,medium
15850,68,1,118.88,0,0.0,0,1,0.5578845769735968,medium
12548,66,1,95.2,0,0.0,1,1,0.556209798376225,medium
17768,66,1,411.33,0,0.0,0,1,0.5559591140510936,medium
13884,177,3,196.25,5,2.5,0,1,0.5557185492694936,medium
17110,65,1,163.29999999999998,0,0.0,1,1,0.5553085153447846,medium
16824,64,1,222.9,0,0.0,0,1,0.5544136136616278,medium
17408,63,1,32.65,0,0.0,1,1,0.5537167019546964,medium
17891,62,1,203.86,0,0.0,1,1,0.5527325430705594,medium
13745,62,1,300.04,0,0.0,1,1,0.5526561604507663,medium
16217,135,2,304.25,46,46.0,1,1,0.5522513266590768,medium
14256,160,2,969.06,104,104.0,1,1,0.5511397034176343,medium
17899,59,1,155.8,0,0.0,1,1,0.5502241890098016,medium
15007,59,1,156.91,0,0.0,1,1,0.5502233065819637,medium
16861,58,1,70.80000000000001,0,0.0,0,1,0.5494423523013914,medium
16250,161,2,389.44,112,112.0,1,1,0.5494407266608973,medium
17464,58,1,289.96000000000004,0,0.0,1,1,0.5492680635899286,medium
17046,57,1,642.02,0,0.0,1,1,0.5481382102910286,medium
13649,156,2,346.6,109,109.0,1,1,0.5463539269491697,medium
13583,55,1,781.03,0,0.0,1,1,0.5463269977168361,medium
15901,54,1,110.49,0,0.0,0,1,0.5460102774134011,medium
12635,54,1,683.64,0,0.0,0,1,0.5455538495237522,medium
14552,51,1,165.07,0,0.0,1,1,0.5434135542048979,medium
13678,51,1,232.6,0,0.0,1,1,0.5433597303636094,medium
18048,103,2,172.29000000000002,0,0.0,1,1,0.5424706633901292,medium
15051,50,1,377.74,0,0.0,0,1,0.5423923940023072,medium
13692,113,2,871.58,22,22.0,0,1,0.542131590153164,medium
16989,50,1,857.7,0,0.0,0,1,0.5420096921715909,medium
14731,105,2,251.02,6,6.0,0,1,0.541847956153129,medium
15895,49,1,179.17,0,0.0,1,1,0.5416988582860792,medium
13667,49,1,305.02,0,0.0,1,1,0.5415984915585539,medium
14400,49,1,574.7,0,0.0,1,1,0.5413834075029427,medium
15795,49,1,610.01,0,0.0,1,1,0.5413552447678786,medium
15018,152,2,291.34000000000003,114,114.0,0,1,0.5411071723523397,medium
15839,48,1,299.18,0,0.0,0,1,0.5407510249041263,medium
12997,136,2,608.47,80,80.0,0,1,0.5400514137420661,medium
17948,47,1,358.56000000000006,0,0.0,1,1,0.5398512785726529,medium
15004,47,1,1246.32,0,0.0,1,1,0.5391427826403357,medium
18078,117,2,336.13,41,41.0,1,1,0.5387959280512298,medium
12833,45,1,417.38,0,0.0,1,1,0.538098869910797,medium
16762,44,1,314.15000000000003,0,0.0,0,1,0.5373282385599926,medium
17345,96,2,128.33,0,0.0,0,1,0.5365377051633039,medium
13026,120,2,243.72000000000003,54,54.0,0,1,0.5365173498723491,medium
14259,41,1,120.0,0,0.0,1,1,0.5349229544608763,medium
17660,41,1,196.0,0,0.0,1,1,0.5348622173958363,medium
18262,40,1,149.48,0,0.0,1,1,0.5340455302017788,medium
17886,110,2,396.26,38,38.0,0,1,0.5339079640527853,medium
16639,106,2,471.15,29,29.0,0,1,0.5338361185417009,medium
15813,107,2,1303.91,31,31.0,1,1,0.5332679146678942,medium
15237,103,2,1093.65,23,23.0,0,1,0.5330457473351883,medium
17724,38,1,373.1,0,0.0,0,1,0.5321583685513416,medium
17374,118,2,495.77,62,62.0,1,1,0.5315823131092444,medium
17693,37,1,200.47,0,0.0,1,1,0.5314419713203452,medium
13814,37,1,617.54,0,0.0,0,1,0.531108340021804,medium
15433,113,2,533.3,53,53.0,1,1,0.5306856866522996,medium
15746,34,1,196.88,0,0.0,1,1,0.5288803857514106,medium
12453,34,1,707.09,0,0.0,1,1,0.5284719926073806,medium
14143,33,1,115.8,0,0.0,1,1,0.528090129962047,medium
15120,33,1,358.82,0,0.0,1,1,0.5278955764840613,medium
13479,100,2,300.95,33,33.0,1,1,0.527329787657527,medium
12670,99,2,1026.39,32,32.0,0,1,0.526272274598423,medium
17700,113,2,1125.57,67,67.0,0,1,0.5249084277702495,medium
13023,29,1,336.4,0,0.0,0,1,0.5244911909653589,medium
15342,29,1,406.09,0,0.0,1,1,0.5244353580920127,medium
15852,86,2,160.71,10,10.0,1,1,0.5241789327070818,medium
14682,87,2,52.0,13,13.0,1,1,0.5239847176652319,medium
17514,28,1,208.65,0,0.0,1,1,0.5237375987488668,medium
12917,28,1,594.0,0,0.0,1,1,0.5234288192280432,medium
16102,28,1,839.76,0,0.0,0,1,0.5232318832859798,medium
18099,27,1,168.31,0,0.0,1,1,0.5229138488304801,medium
13650,107,2,745.5200000000001,60,60.0,0,1,0.522730734283014,medium
18218,111,2,662.08,70,70.0,1,1,0.5224304201788903,medium
14720,26,1,155.8,0,0.0,0,1,0.5220676680260802,medium
12378,29,1,4008.62,0,0.0,1,1,0.5215483534899902,medium
17331,23,1,175.2,0,0.0,1,1,0.5194827350067827,medium
15036,77,2,245.69,2,2.0,0,1,0.519438038485182,medium
12885,23,1,645.35,0,0.0,0,1,0.5191057278268085,medium
16230,89,2,542.03,30,30.0,1,1,0.5188570369022983,medium
16053,22,1,1124.19,0,0.0,0,1,0.5178649353709684,medium
12384,21,1,292.69,0,0.0,0,1,0.5176749958615549,medium
17248,20,1,318.65,0,0.0,1,1,0.5167972491992718,medium
17122,19,1,138.32,0,0.0,1,1,0.5160848971579061,medium
15700,72,2,696.68,1,1.0,1,1,0.5151712542978851,medium
13637,87,2,684.85,39,39.0,0,1,0.5136122990744301,medium
16836,16,1,91.32,0,0.0,0,1,0.5135510454485421,medium
17759,69,2,167.15,0,0.0,0,1,0.5134040982907209,medium
15653,15,1,48.0,0,0.0,0,1,0.5127284605101233,medium
13741,83,2,363.13,33,33.0,0,1,0.5127193399221545,medium
16902,16,1,1706.88,0,0.0,1,1,0.5122544815592712,medium
17854,85,2,311.26,41,41.0,1,1,0.5114378633361683,medium
12962,13,1,170.54,0,0.0,1,1,0.5109151806437643,medium
12729,13,1,453.01,0,0.0,1,1,0.5106884396942517,medium
14817,100,2,1110.34,76,76.0,1,1,0.5103668090319297,medium
12418,12,1,668.58,0,0.0,1,1,0.5096578031524786,medium
15786,14,1,3160.84,0,0.0,0,1,0.5093723015160466,medium
18136,111,2,600.85,107,107.0,0,1,0.5084349318837318,medium
16536,10,1,548.97,0,0.0,1,1,0.5080384822672913,medium
15701,10,1,857.0,0,0.0,0,1,0.5077911706332576,medium
16201,9,1,303.8,0,0.0,0,1,0.5073775881444308,medium
16992,99,2,671.15,84,84.0,0,1,0.5068228664286529,medium
15907,76,2,529.52,33,33.0,1,1,0.5065824772842313,medium
14523,8,1,241.09,0,0.0,1,1,0.5065701635995628,medium
16869,65,2,387.68,9,9.0,0,1,0.5063783494871403,medium
16723,7,1,424.15,0,0.0,0,1,0.5055653564271904,medium
16340,7,1,549.07,0,0.0,1,1,0.505465047517807,medium
15663,6,1,138.14,0,0.0,1,1,0.5049371723922785,medium
16023,92,2,500.69,74,74.0,0,1,0.5047541478289996,medium
17147,106,2,973.11,105,105.0,0,1,0.5046068723475978,medium
14055,6,1,725.6400000000001,0,0.0,1,1,0.5044654029360836,medium
17526,190,3,872.8,74,37.0,1,1,0.5039952547755545,medium
17451,5,1,346.01,0,0.0,0,1,0.5039123730159257,medium
16496,107,2,1185.04,109,109.0,1,1,0.5037747929062585,medium
16838,97,2,588.85,90,90.0,1,1,0.5028936392320467,medium
13310,106,2,817.65,117,117.0,0,1,0.5001721983084234,medium
16647,69,2,214.06,35,35.0,1,1,0.5000706541012627,medium
17777,0,1,194.7,0,0.0,0,0,0.4997442515823006,low
15449,85,2,647.7,76,76.0,0,0,0.49787069872613926,low
14320,106,2,477.79,126,126.0,1,0,0.49702543040955205,low
12710,61,2,790.36,39,39.0,0,0,0.49122530926811875,low
15467,45,2,402.56,7,7.0,0,0,0.48996917049276634,low
17361,86,2,263.92,105,105.0,0,0,0.48801997126704877,low
17704,68,2,885.19,71,71.0,1,0,0.48499928598326536,low
12743,34,2,546.43,0,0.0,1,0,0.4830811687432482,low
16744,45,2,241.69,27,27.0,0,0,0.4825047422351852,low
17075,153,3,696.07,64,32.0,0,0,0.48146932984375057,low
14276,80,2,720.4,109,109.0,0,0,0.4809927076684396,low
14891,48,2,554.38,39,39.0,1,0,0.48027090740064177,low
12990,85,2,263.9,124,124.0,0,0,0.4799510579325897,low
15563,100,2,735.62,158,158.0,0,0,0.47952306603353073,low
13827,33,2,300.76,9,9.0,0,0,0.4790066677943551,low
16571,76,2,896.79,105,105.0,0,0,0.47894246236861077,low
12370,174,3,2806.41,85,42.5,0,0,0.47875398771584343,low
17856,133,3,1142.63,48,24.0,1,0,0.47846462910422244,low
16593,89,2,255.5,138,138.0,0,0,0.4780732994324421,low
13963,208,4,664.54,59,19.666666666666668,1,0,0.4773053056199747,low
17267,27,2,317.62,0,0.0,1,0,0.4772685388249711,low
12728,157,3,617.31,74,37.0,0,0,0.4759070682795271,low
12759,71,2,1082.52,104,104.0,0,0,0.4748922338328494,low
17351,69,2,427.3,104,104.0,0,0,0.4737056874310227,low
16037,169,3,855.02,88,44.0,1,0,0.4733237135537249,low
12933,71,2,357.49,112,112.0,0,0,0.47244154668852434,low
14024,21,2,327.7,2,2.0,1,0,0.47136851874232966,low
17265,38,2,562.9,41,41.0,1,0,0.47094720597972856,low
17781,59,2,188.02,93,93.0,1,0,0.46951168962316153,low
15808,206,4,3734.97,63,21.0,1,0,0.46881916581527805,low
16226,103,3,255.12,32,16.0,1,0,0.4679775844105814,low
17483,34,2,274.74,48,48.0,0,0,0.4651110800293671,low
18263,55,2,811.4,96,96.0,0,0,0.4644615350605142,low
17554,22,2,1249.89,25,25.0,0,0,0.4627841338242908,low
14223,57,2,656.59,106,106.0,0,0,0.4625124890433853,low
14481,64,2,636.51,122,122.0,1,0,0.46245500692830654,low
16969,34,2,478.96,57,57.0,0,0,0.4615466284823315,low
13791,27,2,1516.0,40,40.0,1,0,0.4611699670651901,low
15146,64,2,1327.16,126,126.0,1,0,0.46039282541396587,low
13373,58,2,2055.58,117,117.0,0,0,0.4580952951155414,low
12449,29,2,1636.88,57,57.0,0,0,0.45636222978344865,low
12668,159,3,2924.4700000000003,96,48.0,0,0,0.4559177663884454,low
16488,14,2,354.57,33,33.0,0,0,0.45366421323528894,low
17550,97,3,267.16,45,22.5,1,0,0.45114503228592207,low
17631,37,2,416.5,95,95.0,1,0,0.44982508558737416,low
13928,6,2,225.45,26,26.0,0,0,0.44960254777697056,low
17105,59,2,665.78,147,147.0,1,0,0.44875230230706226,low
16014,52,2,529.9300000000001,138,138.0,0,0,0.44630282062042914,low
16805,73,2,460.59,186,186.0,1,0,0.44613862773658963,low
13507,7,2,1636.47,38,38.0,0,0,0.4448216024978003,low
17580,152,3,215.72,105,52.5,1,0,0.44404737435939184,low
13656,64,2,379.65,172,172.0,1,0,0.44383003135749827,low
18064,33,2,814.0,102,102.0,1,0,0.44348734967486403,low
15334,56,3,351.67,16,8.0,1,0,0.44229898789116034,low
16128,43,2,694.7,138,138.0,0,0,0.4385533006517613,low
16979,47,2,555.65,149,149.0,0,0,0.4379267685577937,low
12473,14,2,1186.25,77,77.0,0,0,0.4364891676764869,low
13856,68,3,388.5,34,17.0,1,0,0.43633256651481245,low
12348,148,3,1487.24,109,54.5,0,0,0.4360837561884766,low
16637,23,2,530.55,102,102.0,0,0,0.4352585445204555,low
14548,50,2,652.8,167,167.0,1,0,0.43365476195163005,low
15985,23,2,1142.42,113,113.0,1,0,0.43067147788125143,low
15605,152,3,690.1800000000001,121,60.5,0,0,0.4293979943423894,low
13883,118,4,1742.78,34,11.333333333333334,0,0,0.4267972203883308,low
18151,34,2,653.35,155,155.0,1,0,0.42467116179366804,low
14336,98,3,1114.39,77,38.5,0,0,0.42277335677130407,low
16245,21,2,769.7,135,135.0,0,0,0.4211106426221347,low
12510,42,2,982.57,182,182.0,1,0,0.42109817916953274,low
17092,26,2,633.07,151,151.0,0,0,0.4194732467927496,low
14759,12,2,870.85,119,119.0,1,0,0.4194312749434211,low
13655,14,2,932.97,127,127.0,1,0,0.4180937717784982,low
17373,34,2,287.3,178,178.0,0,0,0.4164392193598717,low
17029,10,2,716.0,126,126.0,1,0,0.4152961012981623,low
17259,48,2,603.37,220,220.0,1,0,0.4123609789934543,low
15587,42,2,456.84,209,209.0,0,0,0.4115370462109878,low
12915,48,2,363.65,223,223.0,1,0,0.41144299341405405,low
12875,43,2,343.2300000000001,219,219.0,1,0,0.40877855961471965,low
16174,26,3,1009.55,25,12.5,1,0,0.4086506586201159,low
16943,111,3,816.73,106,53.0,1,0,0.4082964762751984,low
14744,197,5,928.03,69,17.25,0,0,0.4063220543717688,low
15643,91,3,664.0,90,45.0,1,0,0.40585554534624685,low
15110,26,2,376.55,191,191.0,0,0,0.40494382356412667,low
13505,66,3,2583.12,66,33.0,0,0,0.4046717552868214,low
16748,117,3,910.2,116,58.0,0,0,0.4044417150905833,low
17090,127,3,649.05,126,63.0,0,0,0.4041735989855312,low
18179,152,4,1103.16,83,27.666666666666668,0,0,0.4041184305633191,low
16905,136,3,853.9300000000001,135,67.5,0,0,0.40359214339913607,low
15831,24,2,451.11,199,199.0,0,0,0.40031096390617715,low
17602,24,2,909.55,199,199.0,0,0,0.3999574857057079,low
13265,83,3,1465.66,89,44.5,0,0,0.39950511022909063,low
13495,132,3,1072.43,136,68.0,0,0,0.39925364132367436,low
12408,75,3,1491.77,84,42.0,0,0,0.39725144032305326,low
17656,6,3,927.65,22,11.0,0,0,0.394833924840742,low
15561,49,3,449.67,65,32.5,0,0,0.3931962761874973,low
15681,83,3,703.22,97,48.5,0,0,0.3931490854660697,low
18125,101,3,945.14,114,57.0,0,0,0.3929906791403673,low
16146,57,3,734.13,74,37.0,1,0,0.39174122047639315,low
16324,28,3,428.68,48,24.0,1,0,0.39073172447436894,low
13015,97,4,1763.04,52,17.333333333333332,0,0,0.39055230552968473,low
13168,99,3,972.66,119,59.5,0,0,0.3870225629609921,low
14231,83,3,925.71,104,52.0,1,0,0.38693888302545293,low
15453,31,3,485.01,56,28.0,0,0,0.3862414263887104,low
13136,42,3,1226.68,69,34.5,0,0,0.38345173827949913,low
15505,13,3,2091.14,41,20.5,0,0,0.38327616440260903,low
15240,91,3,1045.38,120,60.0,0,0,0.3796203623131318,low
12613,97,4,1462.52,64,21.33333333333333,0,0,0.3784862936382485,low
17744,150,4,1288.96,107,35.666666666666664,0,0,0.37761144090324444,low
14533,12,2,734.98,240,240.0,0,0,0.37552693736446874,low
17214,149,4,613.67,110,36.66666666666666,0,0,0.37426814238873696,low
17589,51,3,1843.07,89,44.5,0,0,0.37318979560446336,low
16034,96,3,437.7000000000001,136,68.0,1,0,0.37049805292886456,low
13951,76,3,674.45,118,59.0,1,0,0.3695399427445872,low
17041,8,2,750.89,251,251.0,0,0,0.3684028080337076,low
16242,65,3,846.59,111,55.5,0,0,0.3665364404066626,low
16394,71,3,933.1,118,59.0,0,0,0.3653586177946805,low
17827,142,4,1583.81,122,40.66666666666666,1,0,0.3559375247696546,low
16283,20,3,586.35,87,43.5,0,0,0.3512268876912466,low
14461,48,3,2103.06,113,56.5,1,0,0.35052442541314655,low
16224,41,3,865.88,108,54.0,0,0,0.35008898692995544,low
14803,62,3,845.5500000000001,130,65.0,1,0,0.34834787321365474,low
13523,99,3,2369.24,166,83.0,0,0,0.34642299874603705,low
14047,99,3,635.92,173,86.5,0,0,0.34194903093642975,low
17685,166,5,1512.72,105,26.25,0,0,0.341649197420974,low
17204,75,4,1564.56,88,29.33333333333333,1,0,0.3372195936870889,low
17702,8,3,1338.77,97,48.5,0,0,0.3332507558128821,low
17722,89,3,2100.88,176,88.0,0,0,0.3308096711312304,low
18062,73,3,720.52,164,82.0,1,0,0.3292728538669874,low
17750,13,4,1079.72,51,17.0,0,0,0.32591145987406944,low
15382,84,4,2127.12,110,36.66666666666666,0,0,0.32259397142466284,low
15704,40,4,2293.62,75,25.0,1,0,0.3225927808411621,low
13003,5,3,149.05,109,54.5,1,0,0.3222357298192776,low
14049,58,3,3285.39,159,79.5,0,0,0.3201556621454574,low
12576,49,3,660.85,154,77.0,0,0,0.3192160919037639,low
17522,38,4,912.25,79,26.33333333333333,1,0,0.3182934883223648,low
13804,41,3,1355.11,148,74.0,0,0,0.3174968778613733,low
16515,50,3,987.61,160,80.0,0,0,0.3150193613214305,low
17770,98,5,1143.27,83,20.75,1,0,0.3132098538218584,low
15819,31,3,1585.47,145,72.5,0,0,0.31228122014790965,low
13865,36,3,383.34,152,76.0,0,0,0.31134382473117395,low
15673,56,3,2104.39,170,85.0,0,0,0.3108768432907806,low
15998,71,3,2112.06,190,95.0,0,0,0.30637726812572663,low
17616,73,3,571.1999999999999,194,97.0,1,0,0.3058049267435629,low
17398,14,3,653.38,140,70.0,1,0,0.3043460642667754,low
16794,8,4,628.5,71,23.666666666666668,0,0,0.3038497454305038,low
18230,73,4,1643.28,128,42.66666666666666,0,0,0.29817574062945484,low
16681,44,4,1332.68,108,36.0,0,0,0.29568384361731664,low
15228,29,3,2224.03,165,82.5,0,0,0.2950607375668856,low
17027,79,4,655.88,137,45.66666666666666,0,0,0.2950043188648747,low
13982,63,3,1230.14,202,101.0,0,0,0.29208980095943365,low
14970,37,3,1119.75,179,89.5,0,0,0.29096400253085425,low
16717,62,3,1136.16,203,101.5,0,0,0.29069462675673524,low
14758,44,4,1484.06,114,38.0,1,0,0.29020287095383746,low
17671,57,3,1098.55,207,103.5,0,0,0.2842333166718975,low
16880,26,5,856.91,62,15.5,0,0,0.2823100326910818,low
16348,28,4,775.14,111,37.0,0,0,0.28210540539216755,low
17663,54,4,1016.53,132,44.0,0,0,0.2816062998960812,low
14403,30,4,1475.81,116,38.66666666666666,1,0,0.2786684840645042,low
17905,56,3,618.99,216,108.0,0,0,0.2772601782200328,low
17874,85,6,683.46,70,14.0,1,0,0.27599358376284117,low
17593,44,3,2263.52,207,103.5,0,0,0.27449914031231576,low
14676,47,4,1690.92,135,45.0,0,0,0.2737488945505861,low
16655,31,3,1868.89,200,100.0,0,0,0.2709376406919344,low
14292,45,4,2590.21,137,45.66666666666666,0,0,0.2701038677826436,low
12407,34,4,1407.36,130,43.333333333333336,0,0,0.2693860019684973,low
13149,6,3,1132.62,182,91.0,0,0,0.2673686950240525,low
16206,24,3,409.86,202,101.0,0,0,0.2657175080046235,low
13425,8,3,1624.21,186,93.0,1,0,0.26556584218870233,low
17673,62,4,1209.77,157,52.333333333333336,0,0,0.2654350620929376,low
13158,19,3,868.1700000000001,198,99.0,0,0,0.26491380868405406,low
13549,42,5,762.0500000000001,99,24.75,0,0,0.25903338303045725,low
14841,79,4,2375.57,179,59.66666666666666,0,0,0.25758497092509114,low
12727,87,5,2800.4,133,33.25,0,0,0.2568787550638638,low
17288,107,5,663.7,151,37.75,0,0,0.25521192139656335,low
14443,38,3,991.52,230,115.0,0,0,0.2550534438585006,low
16955,84,4,518.67,188,62.66666666666666,1,0,0.25456739330433137,low
17873,84,4,1587.12,188,62.66666666666666,0,0,0.2539166351447724,low
14112,30,4,1900.82,145,48.333333333333336,0,0,0.253886099040719,low
17048,17,3,925.35,213,106.5,1,0,0.25312105521761974,low
15532,31,3,1225.79,226,113.0,0,0,0.25310760955272327,low
18272,13,4,2106.45,133,44.333333333333336,0,0,0.2525532461484136,low
15624,16,4,588.13,139,46.333333333333336,1,0,0.25051933277091853,low
14044,3,3,542.11,206,103.0,0,0,0.24909214131043445,low
15625,3,4,1534.26,131,43.66666666666666,1,0,0.24808312240597166,low
12584,27,4,782.59,153,51.0,0,0,0.24613547890550871,low
15574,77,4,702.25,194,64.66666666666667,1,0,0.24508734874987148,low
14232,15,4,1573.33,149,49.66666666666666,0,0,0.24126905013582695,low
12388,48,4,1668.34,178,59.333333333333336,0,0,0.23896858924771314,low
15482,65,4,2103.5,193,64.33333333333333,0,0,0.23751707970724537,low
17323,24,4,537.25,167,55.66666666666666,0,0,0.23335754543102144,low
15192,19,3,1044.32,245,122.5,1,0,0.2329697785252172,low
13093,175,8,7832.47,97,13.857142857142858,1,0,0.23175860163492357,low
17516,19,4,608.85,166,55.333333333333336,0,0,0.23102931574965316,low
17994,21,4,678.49,169,56.333333333333336,1,0,0.2299034495762423,low
15048,16,3,324.53,251,125.5,0,0,0.2276967652227448,low
12948,5,4,1423.96,159,53.0,0,0,0.22743248521984408,low
15152,13,6,2383.21,73,14.6,0,0,0.22589378691014989,low
17720,13,3,887.6,254,127.0,0,0,0.2236801396734201,low
12726,84,5,1467.32,172,43.0,0,0,0.22256012506376835,low
17146,5,3,749.78,253,126.5,1,0,0.21964574113962837,low
16306,113,6,632.27,153,30.6,1,0,0.2185490039545995,low
12782,49,4,2078.67,207,69.0,1,0,0.21724735789631966,low
12939,38,4,7990.08,196,65.33333333333333,0,0,0.2157011678056752,low
16266,15,6,761.12,90,18.0,0,0,0.21370740685992665,low
17612,12,4,1338.87,185,61.66666666666666,0,0,0.21229723994871977,low
16813,13,6,1062.18,91,18.2,0,0,0.2115774493933572,low
17236,79,5,697.73,183,45.75,0,0,0.21132091098387498,low
17314,48,5,1506.92,164,41.0,0,0,0.207997953070215,low
13700,76,6,1245.8,150,30.0,0,0,0.19966093234914825,low
15150,9,5,3569.62,160,40.0,0,0,0.18865417655321134,low
16531,27,4,684.53,233,77.66666666666667,0,0,0.1876483008737949,low
13869,23,4,3104.9500000000003,233,77.66666666666667,1,0,0.18439256192316442,low
14944,44,6,2507.73,151,30.2,0,0,0.18135759894555392,low
14976,1,4,559.96,225,75.0,0,0,0.17952705781147357,low
14748,23,4,1118.77,245,81.66666666666667,0,0,0.17763723280639138,low
18257,14,5,1562.87,181,45.25,0,0,0.17748729732556376,low
16153,15,4,1023.54,239,79.66666666666667,0,0,0.17746606794692651,low
12868,85,6,1607.0600000000002,187,37.4,1,0,0.17658389105563507,low
13725,69,7,1865.7,139,23.166666666666668,0,0,0.17330550135837172,low
12766,49,5,4952.1900000000005,216,54.0,0,0,0.1696571156243403,low
14659,45,6,1641.55,169,33.8,0,0,0.16952395593926253,low
16719,48,5,1286.43,219,54.75,0,0,0.16885596326188013,low
16466,3,5,1002.18,189,47.25,0,0,0.16702535643742486,low
14426,40,6,2885.58,172,34.4,0,0,0.16453932515901654,low
16503,6,4,1431.93,253,84.33333333333333,1,0,0.1643214979085473,low
17457,26,5,1737.7,212,53.0,1,0,0.1627453023474354,low
17988,17,5,146.0,209,52.25,0,0,0.16115312551238026,low
17071,34,6,1402.42,175,35.0,0,0,0.16038939280307324,low
12599,26,6,857.04,177,35.4,0,0,0.15566824363581366,low
14572,10,5,2089.44,213,53.25,0,0,0.1546402648019269,low
13520,37,5,2947.98,234,58.5,0,0,0.15354646740601968,low
17519,33,5,1488.0,234,58.5,0,0,0.15237558334688878,low
15296,9,5,2599.49,217,54.25,0,0,0.15155546041142234,low
16837,57,9,1911.74,88,11.0,0,0,0.1509717326642154,low
17114,38,6,603.59,196,39.2,0,0,0.14908994139929796,low
14502,49,7,1176.01,163,27.166666666666668,0,0,0.14810263512798677,low
18245,49,6,1672.81,205,41.0,1,0,0.14786275308655117,low
13593,8,5,2037.08,227,56.75,1,0,0.1454324799896524,low
15932,7,6,1885.95,181,36.2,0,0,0.1444399704858513,low
14291,20,7,2355.54,154,25.666666666666668,0,0,0.14093019410899804,low
15379,69,7,3703.29,189,31.5,1,0,0.139449674253394,low
12643,28,6,3344.64,204,40.8,1,0,0.13895345379559135,low
18044,66,7,1105.53,194,32.333333333333336,0,0,0.13622817786020597,low
16767,13,6,4234.36,202,40.4,0,0,0.1337082312916464,low
15024,13,5,845.62,254,63.5,0,0,0.1328176787102711,low
16985,57,7,3578.54,200,33.333333333333336,0,0,0.12830852934561857,low
18065,83,8,1412.15,180,25.714285714285715,0,0,0.12792095205512002,low
16912,34,7,1558.38,188,31.33333333333333,0,0,0.1269656330222232,low
15596,0,5,1406.59,264,66.0,1,0,0.1224434249316653,low
12437,77,9,2476.73,153,19.125,0,0,0.11934423785337009,low
12500,6,6,1773.84,227,45.4,0,0,0.11847396219991918,low
14030,21,6,1657.5,245,49.0,0,0,0.11474601314594608,low
14088,28,7,25507.89,193,32.166666666666664,0,0,0.11397747919688789,low
13183,1,6,2394.98,233,46.6,0,0,0.11350153908325199,low
15971,8,7,2109.45,202,33.666666666666664,0,0,0.11012167076635689,low
16326,17,7,1224.92,216,36.0,0,0,0.10657478931238352,low
16019,36,7,2952.25,228,38.0,0,0,0.10650570657218764,low
13756,29,7,2558.34,238,39.66666666666666,0,0,0.09974908473311853,low
17097,0,6,639.53,265,53.0,0,0,0.09887606304475985,low
17061,10,10,4658.83,121,13.444444444444445,0,0,0.09463850564432683,low
15218,16,8,3865.35,202,28.857142857142858,0,0,0.09362275509827842,low
17340,20,7,7593.650000000001,245,40.833333333333336,0,0,0.09259962139676473,low
13117,21,7,841.77,250,41.66666666666666,0,0,0.09259646551795792,low
13327,12,7,2738.75,252,42.0,0,0,0.08871882321438267,low
12417,6,7,2816.52,250,41.66666666666666,0,0,0.08785137857511557,low
17696,8,7,1915.59,256,42.66666666666666,0,0,0.08622776395482855,low
15249,7,10,5357.03,148,16.444444444444443,0,0,0.08218780595153125,low
14344,27,8,889.9300000000001,241,34.42857142857143,1,0,0.08143369564013607,low
13097,22,8,4643.71,237,33.857142857142854,0,0,0.08078609758942928,low
16705,44,9,8194.43,214,26.75,0,0,0.07959104297000194,low
15611,3,8,947.14,230,32.857142857142854,0,0,0.0795030274238845,low
17940,8,9,3914.44,194,24.25,0,0,0.07917821485048362,low
13491,47,9,1088.45,224,28.0,0,0,0.07821377275296496,low
15854,40,9,2393.69,221,27.625,0,0,0.077310648275227,low
13999,15,8,2561.94,246,35.142857142857146,0,0,0.0761927189239371,low
14040,17,9,2485.91,213,26.625,0,0,0.07467294409356737,low
13881,7,9,6969.14,204,25.5,0,0,0.07454497230324028,low
14472,3,8,1936.84,251,35.857142857142854,1,0,0.0717528053972188,low
15955,6,8,2463.65,266,38.0,0,0,0.06732978323792026,low
15301,13,9,3747.8,254,31.75,0,0,0.06018216703084132,low
14282,9,9,2495.44,257,32.125,0,0,0.05876557440263644,low
18144,9,9,2165.55,263,32.875,0,0,0.05711808906336326,low
13094,29,10,1545.72,239,26.55555555555556,0,0,0.05708496007670905,low
17920,5,9,2406.82,268,33.5,0,0,0.05497364726471197,low
16700,21,10,4095.95,244,27.11111111111111,0,0,0.05383918075586108,low
17404,23,10,21004.3,236,26.22222222222222,0,0,0.05356856977614026,low
16656,20,10,6257.0,244,27.11111111111111,0,0,0.05331317415355007,low
14135,5,10,3190.32,267,29.666666666666668,0,0,0.04567188337521917,low
16713,15,11,3970.77,250,25.0,0,0,0.04260969388969347,low
12683,5,11,6217.88,260,26.0,0,0,0.03891091710040972,low
12931,1,11,32530.7,256,25.6,0,0,0.03613134848477803,low
17865,7,12,7017.34,256,23.27272727272728,0,0,0.03314097278988222,low
15738,9,12,3558.41,262,23.818181818181817,0,0,0.032691149859871635,low
16746,0,12,4421.08,257,23.363636363636363,0,0,0.0324735869270943,low
15838,8,12,14153.5,259,23.545454545454547,0,0,0.032020728487819235,low
14680,21,13,24196.4,249,20.75,0,0,0.028383764578145024,low
16745,19,15,5910.93,192,13.714285714285714,0,0,0.027962443380919817,low
15939,7,14,5860.25,224,17.23076923076923,0,0,0.027225620437365056,low
17857,9,13,13692.92,256,21.33333333333333,0,0,0.027165543435985116,low
15465,38,15,5992.129999999999,230,16.428571428571427,0,0,0.024362497480031525,low
14688,29,15,3852.54,244,17.428571428571427,0,0,0.022093684541791885,low
12720,24,15,3314.5,244,17.428571428571427,0,0,0.021762747051156214,low
13078,6,15,6917.150000000001,260,18.571428571428573,0,0,0.01859985321761822,low
18109,10,17,4457.27,259,16.1875,0,0,0.013216730162752438,low
15615,5,19,7367.85,253,14.055555555555555,0,0,0.009207263882447405,low
15005,8,19,4327.08,258,14.333333333333334,0,0,0.009139670991252733,low
17757,14,20,3320.4500000000003,257,13.526315789473683,0,0,0.007829313274659893,low
13534,7,21,4371.53,250,12.5,0,0,0.006588402092620224,low
12921,30,22,8924.55,242,11.523809523809524,0,0,0.0061081831158490306,low
14180,6,21,4110.12,265,13.25,0,0,0.006052115118018352,low
13199,3,21,4553.84,263,13.15,0,0,0.006048062418793652,low
14735,10,22,3496.31,247,11.761904761904765,0,0,0.005647581951108184,low
16839,9,22,10869.28,259,12.333333333333334,0,0,0.00514597397434513,low
17381,19,23,16875.65,253,11.5,0,0,0.004493168009490286,low
13767,8,28,9676.37,264,9.77777777777778,0,0,0.0016641211249121526,low
17315,0,30,4369.04,257,8.862068965517242,0,0,0.0011867190884804091,low
17949,0,29,45325.6,270,9.642857142857142,0,0,0.0011625622166681186,low
14298,23,36,35591.84,237,6.771428571428571,0,0,0.00043304200779749357,low
14646,5,40,176355.94,249,6.384615384615385,0,0,0.00011649461163049128,low
16029,7,46,52387.24,266,5.911111111111111,0,0,5.2992703523650005e-05,low
14606,3,69,9329.38,269,3.9558823529411766,0,0,8.852334986403686e-07,low
17841,3,78,22365.04,269,3.493506493506493,0,0,1.6434561127322353e-07,low
